INSERT INTO Courses (Course_ID, Course_name) VALUES ('CS101', 'BSC. (Hons) in Computer Science');
INSERT INTO Courses (Course_ID, Course_name) VALUES ('IBM101', 'BSC. (Hons) in International Business Management');

INSERT INTO Module (Course_ID, Module_name, Module_code) VALUES ('CS101', 'Academic Skills and Team-Based Learning', '4CI018');
INSERT INTO Module (Course_ID, Module_name, Module_code) VALUES ('CS101', 'Introductory Programming And Problem Solving', '4CS001');
INSERT INTO Module (Course_ID, Module_name, Module_code) VALUES ('CS101', 'Computational Mathematics', '4MM013');
INSERT INTO Module (Course_ID, Module_name, Module_code) VALUES ('CS101', 'Embedded System Programming', '4CS016');
INSERT INTO Module (Course_ID, Module_name, Module_code) VALUES ('CS101', 'Concepts and Technologies of AI', '5CS037');
INSERT INTO Module (Course_ID, Module_name, Module_code) VALUES ('CS101', 'Object-Oriented Design and Programming', '5CS019');
INSERT INTO Module (Course_ID, Module_name, Module_code) VALUES ('CS101', 'Numerical Methods and Concurrency', '5CS021');
INSERT INTO Module (Course_ID, Module_name, Module_code) VALUES ('CS101', 'Collaborative Development', '5CS024');
INSERT INTO Module (Course_ID, Module_name, Module_code) VALUES ('CS101', 'Distributed and Cloud System Programming', '5CS022');
INSERT INTO Module (Course_ID, Module_name, Module_code) VALUES ('CS101', 'Human - Computer Interaction', '5CS020');
INSERT INTO Module (Course_ID, Module_name, Module_code) VALUES ('CS101', 'High Performance Computing', '6CS005');
INSERT INTO Module (Course_ID, Module_name, Module_code) VALUES ('CS101', 'Big Data', '6CS030');
INSERT INTO Module (Course_ID, Module_name, Module_code) VALUES ('CS101', 'Project and Professionalism', '6CS007');
INSERT INTO Module (Course_ID, Module_name, Module_code) VALUES ('CS101', 'Artificial Intelligence and Machine Learning', '6CS012');
INSERT INTO Module (Course_ID, Module_name, Module_code) VALUES ('CS101', 'Complex Systems', '6CS014');
INSERT INTO Module (Course_ID, Module_name, Module_code) VALUES ('CS101', 'Internet Software Architecture', '4CS017');

INSERT INTO Student (Student_ID, Name, Address, DOB, Citizenship_Number, Email_address, College_email_address, College_email_address_password, Course_ID) VALUES ('S1', 'Ram Sharma', '789 Elm St', '03/03/1990', '1112223333', 'ramsharma@example.com', 'ramsharma@college.com', 'password123', 'CS101');
INSERT INTO Student (Student_ID, Name, Address, DOB, Citizenship_Number, Email_address, College_email_address, College_email_address_password, Course_ID) VALUES ('S2', 'Sita Devi', '456 Park Ave', '02/02/1995', '0987654321', 'sitadevi@example.com', 'sitadevi@college.com', 'password456', 'IBM101');
INSERT INTO Student (Student_ID, Name, Address, DOB, Citizenship_Number, Email_address, College_email_address, College_email_address_password, Course_ID) VALUES ('S3', 'Hari Sharma', '123 Main St', '01/01/1995', '1112223333', 'harisharma@example.com', 'harisharma@college.com', 'password789', 'CS101');
INSERT INTO Student (Student_ID, Name, Address, DOB, Citizenship_Number, Email_address, College_email_address, College_email_address_password, Course_ID) VALUES ('S4', 'Ganga Devi', '789 Elm St', '04/04/1992', '0987654321', 'gangadevi@example.com', 'gangadevi@college.com', 'password111', 'IBM101');
INSERT INTO Student (Student_ID, Name, Address, DOB, Citizenship_Number, Email_address, College_email_address, College_email_address_password, Course_ID) VALUES ('S5', 'Krishna Pandey', '789 Elm St', '05/05/1995', '1112223333', 'krishnapandey@example.com', 'krishnapandey@college.com', 'password222', 'CS101');
INSERT INTO Student (Student_ID, Name, Address, DOB, Citizenship_Number, Email_address, College_email_address, College_email_address_password, Course_ID) VALUES ('S6', 'Saraswoti Sharma', '456 Park Ave', '06/06/1994', '0987654321', 'saraswotisharma@example.com', 'saraswotisharma@college.com', 'password321', 'IBM101');
INSERT INTO Student (Student_ID, Name, Address, DOB, Citizenship_Number, Email_address, College_email_address, College_email_address_password, Course_ID) VALUES ('S7', 'Bikram Shah', '789 Elm St', '07/07/1997', '1112223333', 'bikramshah@example.com', 'bikramshah@college.com', 'password456', 'CS101');
INSERT INTO Student (Student_ID, Name, Address, DOB, Citizenship_Number, Email_address, College_email_address, College_email_address_password, Course_ID) VALUES ('S8', 'Kamala Sharma', '123 Main St', '08/08/1996', '0987654321', 'kamalasharma@example.com', 'kamalasharma@college.com', 'password654', 'IBM101');
INSERT INTO Student (Student_ID, Name, Address, DOB, Citizenship_Number, Email_address, College_email_address, College_email_address_password, Course_ID) VALUES ('S9', 'Rajesh Pandey', '789 Elm St', '09/09/1995', '1112223333', 'rajeshpandey@example.com', 'rajeshpandey@college.com', 'password789', 'IBM101');


INSERT INTO Module (Course_ID, Module_name, Module_code) VALUES ('IBM101', 'Introduction to International Business', 'IBM10101');
INSERT INTO Module (Course_ID, Module_name, Module_code) VALUES ('IBM101', 'Marketing Management', 'IBM10102');
INSERT INTO Module (Course_ID, Module_name, Module_code) VALUES ('IBM101', 'Global Business Environment', 'IBM10103');
INSERT INTO Module (Course_ID, Module_name, Module_code) VALUES ('IBM101', 'Cross-Cultural Management', 'IBM10104');
INSERT INTO Module (Course_ID, Module_name, Module_code) VALUES ('IBM101', 'Business Research Methods', 'IBM10105');
INSERT INTO Module (Course_ID, Module_name, Module_code) VALUES ('IBM101', 'International Financial Management', 'IBM10106');
INSERT INTO Module (Course_ID, Module_name, Module_code) VALUES ('IBM101', 'International Human Resource Management', 'IBM10107');
INSERT INTO Module (Course_ID, Module_name, Module_code) VALUES ('IBM101', 'International Marketing', 'IBM10108');
INSERT INTO Module (Course_ID, Module_name, Module_code) VALUES ('IBM101', 'International Business Law', 'IBM10109');
INSERT INTO Module (Course_ID, Module_name, Module_code) VALUES ('IBM101', 'International Business Strategy', 'IBM10110');
INSERT INTO Module (Course_ID, Module_name, Module_code) VALUES ('IBM101', 'International Business Ethics', 'IBM10111');
INSERT INTO Module (Course_ID, Module_name, Module_code) VALUES ('IBM101', 'International Business Negotiation', 'IBM10112');
INSERT INTO Module (Course_ID, Module_name, Module_code) VALUES ('IBM101', 'International Business Project', 'IBM10113');
INSERT INTO Module (Course_ID, Module_name, Module_code) VALUES ('IBM101', 'International Business Dissertation', 'IBM10114');